1,1,MLE5007,0,0,0,2,C,1,bora;,IE1;,0
2,1,MLE5007,0,0,0,1,S,7,caal;caal;muho;muho;muho;coda;coda;,911;912;913;914;915;916;917;,0
3,1,MLE5007,0,0,0,2,L,14,coda;bora;brcr;brcr;brcr;brcr;caal;caal;caal;mubo;mubo;mubo;mubo;brcr;,911/1;911/2;912/1;912/2;913/1;913/2;914/1;914/2;915/1;915/2;916/1;916/2;917/1;917/2;,0
4,1,MLE5006,0,0,0,2,C,1,boma;,IE1;,0
5,1,MLE5006,0,0,0,1,S,7,boma;boma;boma;mocr;mocr;mocr;mocr;,911;912;913;914;915;916;917;,0
6,1,MLE5006,0,0,0,2,L,14,mian1;mian1;mian1;moar;moar;moar;maim;maim;mian;mian;mian;baad;sziu;sziu;,911/1;911/2;912/1;912/2;913/1;913/2;914/1;914/2;915/1;915/2;916/1;916/2;917/1;917/2;,0
7,1,MLE5022,0,0,0,2,C,1,luda;,IE1;,0
8,1,MLE5022,0,0,0,1,S,7,luda;luda;mian1;mian1;mian1;mian1;mian1;,911;912;913;914;915;916;917;,0
9,1,MLE5022,0,0,0,1,L,14,mian1;mian1;mian1;poma2;poma2;poma2;bran;bran;bran;baad;vatu;vatu;vatu;vatu;,911/1;911/2;912/1;912/2;913/1;913/2;914/1;914/2;915/1;915/2;916/1;916/2;917/1;917/2;,0
10,1,MLE0014,0,0,0,2,C,1,siiu;,IE1;,0
11,1,MLE0014,0,0,0,2,S,7,siiu;siiu;pico;mitu1;mitu1;mitu1;mitu1;,911;912;913;914;915;916;917;,0
12,1,MLE0010,0,0,0,2,C,1,buad;,IE1;,0
13,1,MLE0010,0,0,0,1,S,7,viad;viad;dave;dave;loab;loab;loab;,911;912;913;914;915;916;917;,0
14,1,MLE0010,0,0,0,1,L,14,viad;viad;viad;viad;zecg;zecg;zecg;loab;pafl;pafl;pafl;pafl;pafl;pafl;,911/1;911/2;912/1;912/2;913/1;913/2;914/1;914/2;915/1;915/2;916/1;916/2;917/1;917/2;,0
15,1,MLE5025,0,0,0,2,C,1,lura;,IE1;,0
16,1,MLE5025,0,0,0,1,S,7,lura;lura;lura;lura;lura;lura;lura;,911;912;913;914;915;916;917;,0
17,1,MLE5025,0,0,0,1,L,14,lumi;lumi;lumi;lumi;mian;mian;mian;mian;mian;mian;mian;mian;mian;mian;,911/1;911/2;912/1;912/2;913/1;913/2;914/1;914/2;915/1;915/2;916/1;916/2;917/1;917/2;,0
18,1,MLG5007,0,0,0,2,C,1,drsa;,IG1;,0
19,1,MLG5007,0,0,0,1,S,3,drsa;drsa;drsa;,711;712;713;,0
20,1,MLG5007,0,0,0,2,L,5,drsa;dima1;dima1;alfl;alfl;,711/1;711/2;712/1;712/2;713/1;,0
21,1,MLG5006,0,0,0,2,C,1,kndo;,IG1;,0
22,1,MLG5006,0,0,0,1,S,3,kndo;kndo;kndo;,711;712;713;,0
23,1,MLG5006,0,0,0,2,L,5,kndo;kndo;beiu;beiu;beiu;,711/1;711/2;712/1;712/2;713/1;,0
24,1,MLG5022,0,0,0,2,C,1,trdi;,IG1;,0
25,1,MLG5022,0,0,0,1,S,3,sovi;sovi;sovi;,711;712;713;,0
26,1,MLG5022,0,0,0,1,L,5,sovi;sovi;sovi;sovi;sovi;,711/1;711/2;712/1;712/2;713/1;,0
27,1,MLG0014,0,0,0,2,C,1,neve;,IG1;,0
28,1,MLG0014,0,0,0,2,S,3,neve;neve;neve;,711;712;713;,0
29,1,MLG0010,0,0,0,2,C,1,bomo;,IG1;,0
30,1,MLG0010,0,0,0,1,S,3,bomo;bomo;bomo;,711;712;713;,0
31,1,MLG0010,0,0,0,1,L,5,bomo;bomo;bomo;bomo;alfl;,711/1;711/2;712/1;712/2;713/1;,0
32,1,MLG5025,0,0,0,2,C,1,zaca;,IG1;,0
33,1,MLG5025,0,0,0,1,S,3,macr;macr;poma1;,711;712;713;,0
34,1,MLG5025,0,0,0,1,L,5,macr;macr;poma1;poma1;poma1;,711/1;711/2;712/1;712/2;713/1;,0
35,1,MLM5007,0,0,0,2,C,1,roju;,IM1;,0
36,1,MLM5007,0,0,0,1,S,4,rula;rula;rula;rula;,511;512;513;514;,0
37,1,MLM5007,0,0,0,2,L,8,rula;mobo;mobo;mobo;mobo;mobo;kuma;kuma;,511/1;511/2;512/1;512/2;513/1;513/2;514/1;514/2;,0
38,1,MLM5006,0,0,0,2,C,1,dazs;,IM1;,0
39,1,MLM5006,0,0,0,1,S,4,dazs;dazs;dazs;szan;,511;512;513;514;,0
40,1,MLM5006,0,0,0,2,L,8,szan;szan;szan;szan;keta;szis;szis;szis;,511/1;511/2;512/1;512/2;513/1;513/2;514/1;514/2;,0
41,1,MLM5105,0,0,0,2,C,1,vege;,IM1;,0
42,1,MLM5105,0,0,0,1,S,4,vege;vege;vege;vege;,511;512;513;514;,0
43,1,MLM5105,0,0,0,1,L,8,vege;vege;vege;vege;meat;meat;meat;meat;,511/1;511/2;512/1;512/2;513/1;513/2;514/1;514/2;,0
44,1,MLM0014,0,0,0,2,C,1,meil;,IM1;,0
45,1,MLM0014,0,0,0,2,S,4,meil;szzs;szzs;szzs;,511;512;513;514;,0
46,1,MLM5025,0,0,0,2,C,1,gano;,IM1;,0
47,1,MLM5025,0,0,0,1,S,4,gano;gano;gano;gano;,511;512;513;514;,0
48,1,MLM5025,0,0,0,1,L,8,keta;keta;kosa;kosa;kosa;kosa;keta;keta;,511/1;511/2;512/1;512/2;513/1;513/2;514/1;514/2;,0
49,2,20,1,MLR5007,0,0,0,2,C,1,bora;,I1;,0
50,2,20,1,MLR5007,0,0,0,1,S,7,grho;bora;bora;boda;boda;boda;muho;,211;212;213;214;215;216;217;,0
51,2,20,1,MLR5007,0,0,0,2,L,14,brcr;baio;baio;boda;boda;boda;boda;boda;boda;muho;muho;muho;tida;tida;,211/1;211/2;212/1;212/2;213/1;213/2;214/1;214/2;215/1;215/2;216/1;216/2;217/1;217/2;,0
52,2,20,1,MLR5006,0,0,0,2,C,1,czis;,I1;,0
53,2,20,1,MLR5006,0,0,0,1,S,7,czis;czis;bran;mida;mida;maim;maim;,211;212;213;214;215;216;217;,0
54,2,20,1,MLR5006,0,0,0,2,L,14,bran;bran;bran;bran;zsim;zsim;maim;maim;beli;beli;sttu;sttu;baca;baca;,211/1;211/2;212/1;212/2;213/1;213/2;214/1;214/2;215/1;215/2;216/1;216/2;217/1;217/2;,0
55,2,20,1,MLR5022,0,0,0,2,C,1,sega;,I1;,0
56,2,20,1,MLR5022,0,0,0,1,S,7,midi;midi;midi;midi;midi;midi;midi;,211;212;213;214;215;216;217;,0
57,2,20,1,MLR5022,0,0,0,1,L,14,midi;midi;midi;midi;alal;alal;alal;alal;dima;dima;dima;dima;dima;dima;,211/1;211/2;212/1;212/2;213/1;213/2;214/1;214/2;215/1;215/2;216/1;216/2;217/1;217/2;,0
58,1,20,1,MLR0014,0,0,0,2,C,1,blpa;,I1;,0
59,1,20,1,MLR0014,0,0,0,2,S,7,blpa;blcr;blcr;siiu;siiu;hofa;hofa;,211;212;213;214;215;216;217;,0
60,1,20,1,MLR0010,0,0,0,2,C,1,sema;,I1;,0
61,1,20,1,MLR0010,0,0,0,1,S,7,mina;mina;mina;mina;mina;mina;mina;,211;212;213;214;215;216;217;,0
62,1,20,1,MLR0010,0,0,0,1,L,14,sema;sema;sema;sema;sema;sema;sema;mina;mina;mina;mina;mina;mina;mina;,211/1;211/2;212/1;212/2;213/1;213/2;214/1;214/2;215/1;215/2;216/1;216/2;217/1;217/2;,0
63,2,20,1,MLR5025,0,0,0,2,C,1,sumi;,I1;,0
64,2,20,1,MLR5025,0,0,0,1,S,7,sumi;sumi;sumi;sumi;sumi;sumi;sumi;,211;212;213;214;215;216;217;,0
65,2,20,1,MLR5025,0,0,0,1,L,14,sumi;sumi;coad;coad;coad;coad;coad;coad;coad;coad;maal;maal;maal;maal;,211/1;211/2;212/1;212/2;213/1;213/2;214/1;214/2;215/1;215/2;216/1;216/2;217/1;217/2;,0
66,1,MLE0021,0,0,0,2,C,1,crse;,MIE1;,0
67,1,MLE0021,0,0,0,2,S,3,chiu;chiu;chiu;,811;812;813;,0
68,1,MLE0071,0,0,0,3,C,1,trti;,MIE1;,0
69,1,MLE0071,0,0,0,3,S,3,trti;loab;loab;,811;812;813;,0
70,1,MLE0015,0,0,0,2,C,1,siiu;,MIE1;,0
71,1,MLE0015,0,0,0,2,S,3,siiu;TurG;TurG;,811;812;813;,0
72,1,MLE5006,0,0,0,2,C,1,bodi;,MIE1;,0
73,1,MLE5006,0,0,0,1,S,3,bodi;mida;mida;,811;812;813;,0
74,1,MLE5006,0,0,0,2,L,5,bodi;bodi;bodi;iltu;iltu;,811/1;811/2;812/1;812/2;813/1;,0
75,1,MLE5105,21,1,MLE5022,2,C,0,,MIE1;,0
76,1,MLE5105,0,0,0,1,S,3,luda;luda;luda;,811;812;813;,0
77,1,MLM0021,30,1,MLM0021,2,C,0,,MIM1;,0
78,1,MLM0021,0,0,0,2,S,1,lata;,MIM1;,0
79,1,MLM0006,30,1,MLM0006,2,C,0,,MIM1;,0
80,1,MLM0006,0,0,0,2,S,1,meag;,MIM1;,0
81,1,MLM0015,30,1,MLM0015,2,C,0,,MIM1;,0
82,1,MLM0015,0,0,0,2,S,1,szzs;,MIM1;,0
83,1,MLM0022,30,1,MLM0022,2,C,0,,MIM1;,0
84,1,MLM0022,0,0,0,2,S,1,luan;,MIM1;,0
85,1,MLM5006,32,1,MLM5006,2,C,0,,MIM1;,0
86,1,MLM5006,0,0,0,1,S,1,szan;,MIM1;,0
87,1,MLM5006,0,0,0,2,L,1,szan;,MIM1;,0
88,1,MLM5105,32,1,MLM5105,2,C,0,,MIM1;,0
89,1,MLM5105,0,0,0,1,S,1,vege;,MIM1;,0
90,1,MLM5105,0,0,0,1,L,1,vege;,MIM1;,0
91,1,MLR0021,0,0,0,2,C,1,brsi;,MI1;,0
92,1,MLR0021,0,0,0,2,S,6,mogh;peco;peco;OrAx;OrAx;OrAx;,311;312;313;314;315;316;,0
93,1,MLR0071,0,0,0,3,C,1,trti;,MI1;,0
94,1,MLR0071,0,0,0,3,S,6,best;best;best;best;trti;trti;,312;313;314;315;316;311;,0
95,1,MLR0015,0,0,0,2,C,1,pico;,MI1;,0
96,1,MLR0015,0,0,0,2,S,6,pico;TurG;TurG;pico;pico;pico;,311;312;313;314;315;316;,0
97,1,MLR5006,0,0,0,2,C,1,dila;,MI1;,0
98,1,MLR5006,0,0,0,1,S,6,iora;iora;taad;taad;taad;taad;,311;312;313;314;315;316;,0
99,1,MLR5006,0,0,0,2,L,12,dila;iltu;cela;cela;stge;stge;mocr;mocr;sara;sara;totu;totu;,311/1;311/2;312/1;312/2;313/1;313/2;314/1;314/2;315/1;315/2;316/1;316/2;,0
100,1,MLR5105,0,0,0,2,C,1,seca;,MI1;,0
101,1,MLR5105,0,0,0,1,S,6,seca;seca;seca;cela;cela;cela;,311;312;313;314;315;316;,0
102,3,30,1,MLM0021,0,0,0,2,C,1,szcs;,MM1;,0
103,3,30,1,MLM0021,0,0,0,2,S,1,lata;,MM1;,0
104,3,30,1,MLM0006,0,0,0,2,C,1,fizo;,MM1;,0
105,3,30,1,MLM0006,0,0,0,2,S,1,meag;,MM1;,0
106,3,30,1,MLM0015,0,0,0,2,C,1,szzs;,MM1;,0
107,3,30,1,MLM0015,0,0,0,2,S,1,szzs;,MM1;,0
108,3,30,1,MLM0022,0,0,0,2,C,1,luan;,MM1;,0
109,3,30,1,MLM0022,0,0,0,2,S,1,luan;,MM1;,0
110,3,30,1,MLM5006,32,1,MLM5006,2,C,0,,MM1;,0
111,3,30,1,MLM5006,0,0,0,1,S,1,szan;,MM1;,0
112,3,30,1,MLM5006,0,0,0,2,L,1,szis;,MM1;,0
113,3,30,1,MLM5105,0,0,0,2,C,1,szis;,MM1;,0
114,3,30,1,MLM5105,0,0,0,1,S,1,szis;,MM1;,0
115,3,30,1,MLM5105,0,0,0,1,L,1,szis;,MM1;,0
116,1,10,1,MLR0021,11,1,MLR0021,2,C,0,,M1;,0
117,1,10,1,MLR0021,0,0,0,2,S,1,mogh;,111;,0
118,1,10,1,MLR0071,11,1,MLR0071,3,C,0,,M1;,0
119,1,10,1,MLR0071,0,0,0,3,S,1,trti;,111;,0
120,1,10,1,MLR0015,11,1,MLR0015,2,C,0,,M1;,0
121,1,10,1,MLR0015,0,0,0,2,S,1,pico;,111;,0
122,2,10,1,MLR5006,11,1,MLR5006,2,C,0,,M1;,0
123,2,10,1,MLR5006,0,0,0,1,S,1,mocr;,111;,0
124,2,10,1,MLR5006,0,0,0,2,L,2,gred;gred;,111/1;111/2;,0
125,2,10,1,MLR5105,11,1,MLR5105,2,C,0,,M1;,0
126,2,10,1,MLR5105,0,0,0,1,S,1,seca;,111;,0
127,2,MLE5011,0,0,0,2,C,1,civl;,IE2;,0
128,2,MLE5011,0,0,0,1,S,7,tipa;tipa;pema1;pema1;pema1;zsim;zsim;,921;922;923;924;925;926;927;,0
129,2,MLE5011,0,0,0,1,L,14,baad;baad;baad;baad;baad;baad;movi;movi;movi;movi;axva;axva;axva;axva;,921/1;921/2;922/1;922/2;923/1;923/2;924/1;924/2;925/1;925/2;926/1;926/2;927/1;927/2;,0
130,2,MLE5028,0,0,0,2,C,1,susa;,IE2;,0
131,2,MLE5028,0,0,0,1,S,7,susa;susa;poem;poem;poem;poem;poem;,921;922;923;924;925;926;927;,0
132,2,MLE5028,0,0,0,1,L,14,poem;cocl1;cocl1;cocl1;cocl1;bora2;bora2;bora2;bora2;bora2;bora2;bora2;ioan;ioan;,921/1;921/2;922/1;922/2;923/1;923/2;924/1;924/2;925/1;925/2;926/1;926/2;927/1;927/2;,0
133,2,MLE5029,0,0,0,2,C,1,mitu;,IE2;,0
134,2,MLE5029,0,0,0,2,L,14,mitu;mitu;mitu;mitu;mitu;mitu;mitu;mitu;mitu;mitu;mitu;mitu;chtu;chtu;,921/1;921/2;922/1;922/2;923/1;923/2;924/1;924/2;925/1;925/2;926/1;926/2;927/1;927/2;,0
135,2,MLE5015,0,0,0,2,C,1,stad;,IE2;,0
136,2,MLE5015,0,0,0,2,L,14,moal1;moal1;siro;cian2;cian2;pema1;pema1;pema1;pema1;stad;baio;baio;iobo;iobo;,921/1;921/2;922/1;922/2;923/1;923/2;924/1;924/2;925/1;925/2;926/1;926/2;927/1;927/2;,0
137,2,MLE5013,0,0,0,2,C,1,gara;,IE2;,0
138,2,MLE5013,0,0,0,2,L,14,gara;gara;gara;gara;gara;gara;gara;iovl;iovl;iovl;iovl;zean;seca;seca;,921/1;921/2;922/1;922/2;923/1;923/2;924/1;924/2;925/1;925/2;926/1;926/2;927/1;927/2;,0
139,2,MLG5011,0,0,0,2,C,1,bach;,IG2;,0
140,2,MLG5011,0,0,0,1,S,2,bach;bach;,721;722;,0
141,2,MLG5011,0,0,0,1,L,4,bach;bach;bach;bach;,721/1;721/2;722/1;722/2;,0
142,2,MLG5028,0,0,0,2,C,1,trdi;,IG2;,0
143,2,MLG5028,0,0,0,1,S,2,trdi;trdi;,721;722;,0
144,2,MLG5028,0,0,0,1,L,4,trdi;trdi;trdi;trdi;,721/1;721/2;722/1;722/2;,0
145,2,MLG5029,0,0,0,2,C,1,sach;,IG2;,0
146,2,MLG5029,0,0,0,2,L,4,tovl1;tovl1;tovl1;tovl1;,721/1;721/2;722/1;722/2;,0
147,2,MLG5015,0,0,0,2,C,1,crra;,IG2;,0
148,2,MLG5015,0,0,0,2,L,4,crra;crra;ifda;ifda;,721/1;721/2;722/1;722/2;,0
149,2,MLG5013,0,0,0,2,C,1,klho;,IG2;,0
150,2,MLG5013,0,0,0,2,L,4,klho;klho;klho;klho;,721/1;721/2;722/1;722/2;,0
151,2,MLM5015,0,0,0,2,C,1,sucs;,IM2;,0
152,2,MLM5015,0,0,0,1,S,4,tazo;tazo;turo;turo;,521;522;523;524;,0
153,2,MLM5015,0,0,0,1,L,8,tazo;tazo;tazo;turo;turo;turo;sucs;sucs;,521/1;521/2;522/1;522/2;523/1;523/2;524/1;524/2;,0
154,2,MLM5028,0,0,0,2,C,1,vavi;,IM2;,0
155,2,MLM5028,0,0,0,1,S,4,vavi;moan;moan;moan;,521;522;523;524;,0
156,2,MLM5028,0,0,0,1,L,8,moan;moan;moan;moan;labe;labe;labe;labe;,521/1;521/2;522/1;522/2;523/1;523/2;524/1;524/2;,0
157,2,MLM5029,0,0,0,2,C,1,csle;,IM2;,0
158,2,MLM5029,0,0,0,1,S,4,csle;csle;meag;meag;,521;522;523;524;,0
159,2,MLM5029,0,0,0,1,L,9,meag;meag;meag;koan;koan;koan;koan;koan;koan;,521/1;521/2;522/1;522/2;523/1;523/2;524/1;524/2;,0
160,2,MLM5002,0,0,0,2,C,1,vale;,IM2;,0
161,2,MLM5002,0,0,0,1,S,4,vale;vale;vale;vale;,521;522;523;524;,0
162,2,MLM5002,0,0,0,1,L,8,sacs;sacs;sacs;sacs;sacs;sacs;sacs;sacs;,521/1;521/2;522/1;522/2;523/1;523/2;524/1;524/2;,0
163,2,MLM0010,0,0,0,2,C,1,ansz;,IM2;,0
164,2,MLM0010,0,0,0,1,S,4,luan;luan;luan;luan;,521;522;523;524;,0
165,2,MLM0010,0,0,0,1,L,8,kasa;kasa;kasa;kasa;kasa;kasa;kasa;kasa;,521/1;521/2;522/1;522/2;523/1;523/2;524/1;524/2;,0
166,2,MLM5060,0,0,0,2,C,1,roag;,IM2;,0
167,2,MLM5060,0,0,0,1,S,4,roag;roag;roag;roag;,521;522;523;524;,0
168,2,MLM5060,0,0,0,1,L,8,roag;roag;roag;roag;roag;roag;roag;roag;,521/1;521/2;522/1;522/2;523/1;523/2;524/1;524/2;,0
169,2,20,2,MLR5011,0,0,0,2,C,1,civl;,I2;,0
170,2,20,2,MLR5011,0,0,0,1,S,7,civl;civl;civl;civl;civl;civl;civl;,221;222;223;224;225;226;227;,0
171,2,20,2,MLR5011,0,0,0,1,L,14,tipa;tipa;tipa;tipa;tipa;tipa;siio;siio;zsim;zsim;zsim;zsim;zsim;zsim;,221/1;221/2;222/1;222/2;223/1;223/2;224/1;224/2;225/1;225/2;226/1;226/2;227/1;227/2;,0
172,2,20,2,MLR5028,0,0,0,2,C,1,suda;,I2;,0
173,2,20,2,MLR5028,0,0,0,1,S,7,anca;anca;anca;anca;anca;anca;anca;,221;222;223;224;225;226;227;,0
174,2,20,2,MLR5028,0,0,0,1,L,14,poem;poem;poem;poem;siio;siio;anca;anca;anca;anca;anca;anca;anca;anca;,221/1;221/2;222/1;222/2;223/1;223/2;224/1;224/2;225/1;225/2;226/1;226/2;227/1;227/2;,0
175,2,20,2,MLR5029,0,0,0,2,C,1,dila;,I2;,0
176,2,20,2,MLR5029,0,0,0,2,L,14,dila;dila;mida;mida;mubo;mubo;moro;moro;moro;mida;pial;pial;iora;iora;,221/1;221/2;222/1;222/2;223/1;223/2;224/1;224/2;225/1;225/2;226/1;226/2;227/1;227/2;,0
177,2,20,2,MLR5015,0,0,0,2,C,1,buda;,I2;,0
178,2,20,2,MLR5015,0,0,0,2,L,14,cocl1;cocl1;cian2;cian2;hadi;hadi;hadi;hadi;poem;poem;buda;buda;buda;siro;,221/1;221/2;222/1;222/2;223/1;223/2;224/1;224/2;225/1;225/2;226/1;226/2;227/1;227/2;,0
179,2,20,2,MLR5013,0,0,0,2,C,1,mogr1;,I2;,0
180,2,20,2,MLR5013,0,0,0,2,L,14,mogr1;mogr1;mogr1;mogr1;mogr1;mogr1;mogr1;taad;taad;taad;taad;neda;neda;neda;,221/1;221/2;222/1;222/2;223/1;223/2;224/1;224/2;225/1;225/2;226/1;226/2;227/1;227/2;,0
181,2,MLE0074,0,0,0,2,C,1,niad;,MIE2;,0
182,2,MLE0074,0,0,0,2,S,2,pafl;loab;,821;822;,0
183,2,MLE0027,0,0,0,2,C,1,cate;,MIE2;,0
184,2,MLE0027,0,0,0,1,S,2,gred;gred;,821;822;,0
185,2,MLE0027,0,0,0,2,L,4,gred;gred;gred;gred;,821/1;821/2;822/1;822/2;,0
186,2,MLE0025,0,0,0,2,C,1,grte;,MIE2;,0
187,2,MLE0025,0,0,0,2,S,2,pafl;grte;,821;822;,0
188,2,MLE1027,0,0,0,2,C,1,agoc;,MIE2;,0
189,2,MLE1027,0,0,0,2,S,2,agoc;agoc;,821;822;,0
190,2,MLE5007,0,0,0,2,C,1,drsa;,MIE2;,0
191,2,MLE5007,0,0,0,2,L,4,drsa;caal;caal;boda;,821/1;821/2;822/1;822/2;,0
192,2,MLM0027,30,2,MLM0027,2,C,0,,MIM2;,0
193,2,MLM0027,0,0,0,1,S,1,soil;,MIM2;,0
194,2,MLM0027,0,0,0,2,L,1,soil;,MIM2;,0
195,2,MLM0029,30,2,MLM0029,2,C,0,,MIM2;,0
196,2,MLM0029,0,0,0,2,S,1,vaor;,MIM2;,0
197,2,MLM0025,30,2,MLM0025,2,C,0,,MIM2;,0
198,2,MLM0025,0,0,0,2,S,1,szfe;,MIM2;,0
199,2,MLM5007,32,1,MLM5007,2,C,0,,MIM2;,0
200,2,MLM5007,0,0,0,2,L,1,roju;,MIM2;,0
201,2,MLR0074,0,0,0,2,C,1,niad;,MI2;,0
202,2,MLR0074,0,0,0,2,S,3,niad;neve;neve;,321;322;323;,0
203,2,MLR0027,0,0,0,2,C,1,cate;,MI2;,0
204,2,MLR0027,0,0,0,1,S,3,pamo;pamo;pamo;,321;322;323;,0
205,2,MLR0027,0,0,0,2,L,6,moma;moma;moma;trur;trur;trur;,321/1;321/2;322/1;322/2;323/1;323/2;,0
206,2,MLR0025,0,0,0,2,C,1,komi;,MI2;,0
207,2,MLR0025,0,0,0,2,S,3,alfl;alfl;alfl;,321;322;323;,0
208,2,MLR1027,0,0,0,2,C,1,rona;,MI2;,0
209,2,MLR1027,0,0,0,2,S,3,rona;paio;paio;,321;322;323;,0
210,2,MLR5007,0,0,0,2,C,1,drsa;,MI2;,0
211,2,MLR5007,0,0,0,2,L,6,lual;lual;lual;dima1;dima1;boda;,321/1;321/2;322/1;322/2;323/1;323/2;,0
212,3,30,2,MLM0027,0,0,0,2,C,1,soil;,MM2;,0
213,3,30,2,MLM0027,0,0,0,1,S,1,soil;,MM2;,0
214,3,30,2,MLM0027,0,0,0,2,L,2,soil;soil;,421/1;421/2;,0
215,3,30,2,MLM0029,0,0,0,2,C,1,roag;,MM2;,0
216,3,30,2,MLM0029,0,0,0,2,S,1,vaor;,MM2;,0
217,3,30,2,MLM0025,0,0,0,2,C,1,szfe;,MM2;,0
218,3,30,2,MLM0025,0,0,0,2,S,1,szfe;,MM2;,0
219,3,30,2,MLM0003,0,0,0,2,C,1,bute;,MM2;,0
220,3,30,2,MLM0003,0,0,0,2,S,1,szzs;,MM2;,0
221,1,10,2,MLR0074,11,2,MLR0074,2,C,0,,M2;,0
222,1,10,2,MLR0074,0,0,0,2,S,1,niad;,121;,0
223,1,10,2,MLR0027,11,2,MLR0027,2,C,0,,M2;,0
224,1,10,2,MLR0027,0,0,0,1,S,1,pamo;,121;,0
225,1,10,2,MLR0027,0,0,0,2,L,2,trra;trra;,121/1;121/2;,0
226,1,10,2,MLR0025,11,2,MLR0025,2,C,0,,M2;,0
227,1,10,2,MLR0025,0,0,0,2,S,1,alfl;,121;,0
228,1,10,2,MLR0025,0,0,0,1,L,2,paio;paio;,121/1;121/2;,0
229,1,10,2,MLR1027,11,2,MLR1027,2,C,0,,M2;,0
230,1,10,2,MLR1027,0,0,0,2,S,1,rona;,121;,0
231,3,MLE5014,0,0,0,2,C,1,vean;,IE3;,0
232,3,MLE5014,0,0,0,1,S,7,vean;vean;vean;vean;vean;vean;vean;,931;932;933;934;935;936;937;,0
233,3,MLE5014,0,0,0,1,L,14,vean;vean;iubo;iubo;iubo;iubo;labe;labe;labe;labe;labe;labe;labe;labe;,931/1;931/2;932/1;932/2;933/1;933/2;934/1;934/2;935/1;935/2;936/1;936/2;937/1;937/2;,0
234,3,MLE0028,0,0,0,2,C,1,cate;,IE3;,0
235,3,MLE0028,0,0,0,2,L,14,MalA;MalA;MalA;MalA;MalA;MalA;StaA;StaA;StaA;StaA;StaA;iami;iami;iami;,931/1;931/2;932/1;932/2;933/1;933/2;934/1;934/2;935/1;935/2;936/1;936/2;937/1;937/2;,0
236,3,MLE2001,0,0,0,1,L,14,chca1;chca1;laio;laio;vean;vean;luda;luda;czis;czis;sumi;sumi;coad;coad;,931/1;931/2;932/1;932/2;933/1;933/2;934/1;934/2;935/1;935/2;936/1;936/2;937/1;937/2;,0
237,3,MLG5014,0,0,0,2,C,1,beiu;,IG3;,0
238,3,MLG5014,0,0,0,1,S,3,beiu;beiu;beiu;,731;732;733;,0
239,3,MLG5014,0,0,0,1,L,5,beiu;beiu;beiu;beiu;beiu;,731/1;731/2;732/1;732/2;733/1;,0
240,3,MLG0028,0,0,0,2,C,1,viad;,IG3;,0
241,3,MLG0028,0,0,0,2,L,5,viad;viad;viad;viad;alfl;,731/1;731/2;732/1;732/2;733/1;,0
242,3,MLG2001,0,0,0,1,L,5,drsa;drsa;drsa;drsa;drsa;,731/1;731/2;732/1;732/2;733/1;,0
243,3,MLM5014,0,0,0,2,C,1,bala;,IM3;,0
244,3,MLM5014,0,0,0,1,S,4,labe;labe;labe;labe;,531;532;533;534;,0
245,3,MLM5014,0,0,0,1,L,8,labe;labe;labe;labe;labe;labe;labe;labe;,531/1;531/2;532/1;532/2;533/1;533/2;534/1;534/2;,0
246,2,20,3,MLR5014,0,0,0,2,C,1,chca;,I3;,0
247,2,20,3,MLR5014,0,0,0,1,S,7,chca;chca;chca;chca;chca;chca;chca;,231;232;233;234;235;236;237;,0
248,2,20,3,MLR5014,0,0,0,1,L,14,chca;bofl1;bofl1;bofl1;bofl1;bofl1;bofl1;bofl1;bofl1;bofl1;tacs;tacs;tacs;bofl1;,231/1;231/2;232/1;232/2;233/1;233/2;234/1;234/2;235/1;235/2;236/1;236/2;237/1;237/2;,0
249,1,20,3,MLR0028,0,0,0,2,C,1,trra;,I3;,0
250,1,20,3,MLR0028,0,0,0,2,L,14,trra;trra;trra;grte;grte;iami;iami;alfl;alfl;alfl;alfl;alfl;mina;mina;,231/1;231/2;232/1;232/2;233/1;233/2;234/1;234/2;235/1;235/2;236/1;236/2;237/1;237/2;,0
251,2,20,3,MLR2001,0,0,0,1,L,14,seca;seca;coda;coda;taad;taad;dila;dila;civl;civl;mogr1;mogr1;buda;buda;,231/1;231/2;232/1;232/2;233/1;233/2;234/1;234/2;235/1;235/2;236/1;236/2;237/1;237/2;,0
252,3,MLE0005,0,0,0,2,C,1,poni;,MIE3;,0
253,3,MLE0005,0,0,0,1,S,2,poni;poni;,831;832;,0
254,3,MLE5029,0,0,0,2,C,1,mida;,MIE3;,0
255,3,MLE5029,0,0,0,1,S,2,mida;mida;,831;832;,0
256,3,MLE5029,0,0,0,1,L,4,maal;maal;maal;maal;,831/1;831/2;832/1;832/2;,0
257,3,MLE5015,0,0,0,2,C,1,baio;,MIE3;,0
258,3,MLE5015,0,0,0,1,L,4,baio;cocl1;cocl1;cocl1;,831/1;831/2;832/1;832/2;,0
259,3,MLM0005,30,3,MLM0005,2,C,0,,MIM3;,0
260,3,MLM0005,0,0,0,1,S,1,dazs;,MIM3;,0
261,3,MLM5029,32,2,MLM5029,2,C,0,,MIM3;,0
262,3,MLM5029,0,0,0,1,S,1,meag;,MIM3;,0
263,3,MLM5029,0,0,0,1,L,1,meag;,MIM3;,0
264,3,MLM5002,32,2,MLM5002,2,C,0,,MIM3;,0
265,3,MLM5002,0,0,0,2,L,1,sacs;,MIM3;,0
266,3,MLR0005,0,0,0,2,C,1,poni;,MI3;,0
267,3,MLR0005,0,0,0,1,S,3,poni;poni;poni;,331;332;333;,0
268,3,MLR5029,0,0,0,2,C,1,chca1;,MI3;,0
269,3,MLR5029,0,0,0,1,S,3,chca1;stge;stge;,331;332;333;,0
270,3,MLR5029,0,0,0,1,L,6,modu;modu;modu;modu;modu;modu;,331/1;331/2;332/1;332/2;333/1;333/2;,0
271,3,MLR5015,0,0,0,2,C,1,hadi;,MI3;,0
272,3,MLR5015,0,0,0,1,L,6,hadi;hadi;hadi;hadi;hadi;hadi;,331/1;331/2;332/1;332/2;333/1;333/2;,0
273,3,30,3,MLM0005,0,0,0,2,C,1,dazs;,MM3;,0
274,3,30,3,MLM0005,0,0,0,1,S,1,dazs;,MM3;,0
275,1,10,3,MLR0022,0,0,0,2,C,1,brsi;,M3;,0
276,1,10,3,MLR0022,0,0,0,2,S,1,brsi;,131;,0
277,3,302,1,MMM8078,0,0,0,2,C,1,csle;,MaADM1;,0
278,3,302,1,MMM8078,0,0,0,0,S,0,,,0
279,3,302,1,MMM8078,0,0,0,1,L,1,csle;,MaADM1;,0
280,3,302,1,MMM8081,0,0,0,2,C,1,boza;,MaADM1;,0
281,3,302,1,MMM8081,0,0,0,0,S,0,,,0
282,3,302,1,MMM8081,0,0,0,1,L,1,boza;,MaADM1;,0
283,3,302,1,MMM3150,0,0,0,2,C,1,kosa;,MaADM1;,0
284,3,302,1,MMM3150,0,0,0,1,S,1,kosa;,MaADM1;,0
285,3,302,1,MMM3150,0,0,0,2,L,0,,,0
286,2,200,1,MMR8035,0,0,0,2,C,1,grho;,MaBD1;,0
287,2,200,1,MMR8035,0,0,0,1,S,1,grho;,MaBD1;,0
288,2,200,1,MME8004,204,1,MME8004,2,C,0,,MaBD1;,0
289,2,200,1,MME8004,0,0,0,1,S,1,dase;,MaBD1;,0
290,2,200,1,MMR8001,0,0,0,2,C,1,buda;,MaBD1;,0
291,2,200,1,MMR8001,0,0,0,1,S,1,buda;,MaBD1;,0
292,2,204,1,MME8031,0,0,0,2,C,1,nivi;,MaCIP1;,0
293,2,204,1,MME8031,0,0,0,1,S,1,nivi;,MaCIP1;,0
294,2,204,1,MME8004,0,0,0,2,C,1,dase;,MaCIP1;,0
295,2,204,1,MME8004,0,0,0,1,S,1,dase;,MaCIP1;,0
296,2,202,1,MME8023,0,0,0,2,C,1,mosi;,MaIS1;,0
297,2,202,1,MME8023,0,0,0,1,S,2,mosi;mosi;,248/1;248/2;,0
298,2,202,1,MME8024,0,0,0,2,C,1,taad;,MaIS1;,0
299,2,202,1,MME8024,0,0,0,1,S,2,taad;taad;,248/1;248/2;,0
300,2,202,1,MME8022,0,0,0,2,C,1,crfl;,MaIS1;,0
301,2,202,1,MME8022,0,0,0,1,S,2,crfl;crfl;,248/1;248/2;,0
302,2,203,1,MME8152,0,0,0,2,C,1,sega;,MaICA1;,0
303,2,203,1,MME8152,0,0,0,1,S,1,sega;,MaICA1;,0
304,2,203,1,MME8044,0,0,0,2,C,1,lumi;,MaICA1;,0
305,2,203,1,MME8044,0,0,0,1,S,1,lumi;,MaICA1;,0
306,2,203,1,MME3052,0,0,0,2,C,1,sach;,MaICA1;,0
307,2,203,1,MME3052,0,0,0,1,S,1,sach;,MaICA1;,0
308,3,305,1,MDM4201,0,0,0,2,C,1,NULL,NULL,0
309,3,305,1,MDM4201,0,0,0,2,S,1,NULL,NULL,0
310,3,305,1,MDM2202,0,0,0,8,L,1,NULL,NULL,0
311,3,305,1,MDM5001,0,0,0,1,C,1,NULL,NULL,0
312,3,305,1,MDM5001,0,0,0,1,L,1,NULL,NULL,0
313,3,305,1,MDM3203,0,0,0,2,C,1,NULL,NULL,0
314,3,305,1,MDM3203,0,0,0,2,L,1,NULL,NULL,0
315,3,304,1,MDM3005,0,0,0,2,C,1,meil;,StEduMDm1;,0
316,3,304,1,MDM3005,0,0,0,1,S,1,meil;,StEduMDm1;,0
317,3,304,1,MDM5001,0,0,0,1,C,1,ansz;,StEduMDm1;,0
318,3,304,1,MDM5001,0,0,0,1,S,1,ansz;,StEduMDm1;,0
319,3,304,1,MDM4001,0,0,0,2,C,1,ansz;,StEduMDm1;,0
320,3,304,1,MDM4001,0,0,0,2,S,1,ansz;,StEduMDm1;,0
321,1,102,1,MME3106,0,0,0,2,C,1,prra;,MaMAv1;,0
322,1,102,1,MME3106,0,0,0,1,S,1,prra;,MaMAv1;,0
323,1,102,1,MME3107,0,0,0,2,C,1,cate;,MaMAv1;,0
324,1,102,1,MME3107,0,0,0,1,S,1,cate;,MaMAv1;,0
325,1,102,1,MME3024,0,0,0,2,C,1,pead;,MaMAv1;,0
326,1,102,1,MME3024,0,0,0,1,S,1,pead;,MaMAv1;,0
327,1,101,1,MMR3047,0,0,0,2,C,1,maan;,MaMetModDid1;,0
328,1,101,1,MMR3047,0,0,0,1,S,1,maan;,MaMetModDid1;,0
329,1,101,1,MMR3009,0,0,0,2,C,1,trti;,MaMetModDid1;,0
330,1,101,1,MMR3009,0,0,0,1,S,1,trti;,MaMetModDid1;,0
331,1,101,1,MMR3034,0,0,0,2,C,1,TurG;,MaMetModDid1;,0
332,1,101,1,MMR3034,0,0,0,1,S,1,TurG;,MaMetModDid1;,0
333,1,101,1,MMR3096,0,0,0,1,C,1,dave;,MaMetModDid1;,0
334,1,101,1,MMR3096,0,0,0,2,L,1,dave;,MaMetModDid1;,0
335,1,101,1,XND1203,0,0,0,2,C,1,NULL,NULL,0
336,1,101,1,XND1203,0,0,0,1,S,1,NULL,NULL,0
337,3,301,1,MMM3037,0,0,0,2,C,1,meil;,MaMetModDidm1;,0
338,3,301,1,MMM3037,0,0,0,1,S,1,meil;,MaMetModDidm1;,0
339,3,301,1,MMM3069,0,0,0,2,C,1,szfe;,MaMetModDidm1;,0
340,3,301,1,MMM3069,0,0,0,1,S,1,szfe;,MaMetModDidm1;,0
341,3,301,1,MMM3058,0,0,0,2,C,1,ansz;,MaMetModDidm1;,0
342,3,301,1,MMM3058,0,0,0,1,S,1,ansz;,MaMetModDidm1;,0
343,3,301,1,MMM3126,0,0,0,2,C,1,ansz;,MaMetModDidm1;,0
344,3,301,1,MMM3126,0,0,0,1,S,1,ansz;,MaMetModDidm1;,0
345,3,301,1,XND1203,0,0,0,2,C,1,ansz;,MaMetModDidm1;,0
346,3,301,1,XND1203,0,0,0,2,S,1,ansz;,MaMetModDidm1;,0
347,3,301,1,XND1203,0,0,0,0,L,0,,,0
348,3,303,1,MMM8146,0,0,0,2,C,1,sika;,MaPDAE1;,0
349,3,303,1,MMM8146,0,0,0,1,S,1,sika;,MaPDAE1;,0
350,3,303,1,MMM8146,0,0,0,2,L,0,,,0
351,3,303,1,MMM8068,0,0,0,2,C,1,sucs;,MaPDAE1;,0
352,3,303,1,MMM8068,0,0,0,1,S,1,sucs;,MaPDAE1;,0
353,3,303,1,MMM8068,0,0,0,0,L,0,,,0
354,3,303,1,MMM8064,0,0,0,2,C,1,bala;,MaPDAE1;,0
355,3,303,1,MMM8064,0,0,0,1,S,1,bala;,MaPDAE1;,0
356,3,303,1,MMM8064,0,0,0,2,L,0,,,0
357,3,303,1,MMM3150,0,0,0,2,C,1,hozo1;,MaPDAE1;,0
358,3,303,1,MMM3150,0,0,0,1,S,1,hozo1;,MaPDAE1;,0
359,3,303,1,MMM3150,0,0,0,0,L,0,,,0
360,2,201,1,MMR8007,0,0,0,2,C,1,bofl;,MaSD1;,0
361,2,201,1,MMR8007,0,0,0,1,S,1,bofl;,MaSD1;,0
362,2,201,1,MMR8001,200,1,MMR8001,2,C,0,,MaSD1;,0
363,2,201,1,MMR8001,0,0,0,1,S,1,buda;,MaSD1;,0
364,2,201,1,MME8110,0,0,0,2,C,1,bora;,MaSD1;,0
365,2,201,1,MME8110,0,0,0,1,S,1,bora;,MaSD1;,0
366,2,205,1,MMG8065,0,0,0,2,C,1,mica;,MaSIA1;,0
367,2,205,1,MMG8065,0,0,0,1,S,1,mica;,MaSIA1;,0
368,2,205,1,MMG8154,0,0,0,2,C,1,kadi;,MaSIA1;,0
369,2,205,1,MMG8154,0,0,0,1,S,1,kadi;,MaSIA1;,0
370,2,205,1,MMG8155,0,0,0,2,C,1,ruca;,MaSIA1;,0
371,2,205,1,MMG8155,0,0,0,1,S,1,chtu;,MaSIA1;,0
372,2,205,1,MMG9107,0,0,0,2,S,1,sico;,MaSIA1;,0
373,2,205,1,MMG9107,0,0,0,1,L,1,sico;,MaSIA1;,0
374,3,302,2,MMM9012,0,0,0,1,L,1,csle;,MaADM2;,0
375,3,302,2,MMM9013,0,0,0,1,L,1,csle;,MaADM2;,0
376,3,302,2,MMM8149,0,0,0,1,L,1,csle;,MaADM2;,0
377,2,200,2,MMR9004,0,0,0,1,L,1,goan;,MaBD2;,0
378,2,204,2,MME9011,0,0,0,1,L,1,nivi;,MaCIP2;,0
379,2,202,2,MME9009,0,0,0,1,L,2,mosi;mosi;,258/1;258/2;,0
380,2,203,2,MME9010,0,0,0,1,L,1,poho;,MaICA2;,0
381,3,301,2,MMM3037,301,1,MMM3037,2,C,0,NULL,MaMetModDidm2;,0
382,3,301,2,MMM3037,301,1,MMM3037,1,S,0,NULL,MaMetModDidm2;,0
383,3,301,2,MMM3069,301,1,MMM3069,2,C,0,NULL,MaMetModDidm2;,0
384,3,301,2,MMM3069,301,1,MMM3069,1,S,0,NULL,MaMetModDidm2;,0
385,3,301,2,MMM3058,301,1,MMM3058,2,C,0,NULL,MaMetModDidm2;,0
386,3,301,2,MMM3058,301,1,MMM3058,1,S,0,NULL,MaMetModDidm2;,0
387,3,303,2,MMM9012,0,0,0,1,L,1,sika;,MaPDEA2;,0
388,3,303,2,MMM9013,0,0,0,1,L,1,sika;,MaPDEA2;,0
389,3,303,2,MMM9009,0,0,0,1,L,1,sika;,MaPDEA2;,0
390,3,304,1,MDM2004,0,0,0,2,C,1,NULL,NULL,0
391,3,304,1,MDM2004,0,0,0,1,S,1,NULL,NULL,0
392,3,304,1,MDM2004,0,0,0,1,L,1,NULL,NULL,0
393,3,304,2,MMM3069,301,1,MMM3069,2,C,0,,StEduMDm2;,0
394,3,304,2,MMM3069,0,0,0,1,S,1,szfe;,StEduMDm2;,0
395,3,304,2,MDM3005,304,1,MDM3005,2,C,1,meil;,StEduMDm2;,0
396,3,304,2,MDM3005,304,1,MDM3005,1,S,1,meil;,StEduMDm2;,0
397,3,304,2,MDM5003,0,0,0,1,L,1,ansz;,StEduMDm2;,0
398,3,304,2,MDM4002,0,0,0,2,C,1,ansz;,StEduMDm2;,0
399,3,304,2,MDM4002,0,0,0,2,S,1,ansz;,StEduMDm2;,0
400,2,201,2,MMR9005,0,0,0,1,L,1,bora;,MaSD2;,0
401,2,205,2,MMG9104,0,0,0,1,L,1,sach;,MaSIA2;,0
402,3,MLR5025,20,1,MLR5025,2,C,0,NULL,MI3;,0
403,3,MLR5025,20,1,MLR5025,1,S,0,NULL,MI3;,0
404,3,MLR5025,20,1,MLR5025,1,L,0,NULL,MI3;,0
405,2,20,3,MLR5060,0,0,0,2,C,1,mitu;,I3;,0
406,2,20,3,MLR5060,0,0,0,1,L,3,mitu;mitu;mitu;,231;232;233;,0
407,2,20,3,MLR5091,0,0,0,2,C,1,laio;,I3;,0
408,2,20,3,MLR5091,0,0,0,1,L,3,laio;laio;laio;,231;232;233;,0
409,2,20,3,MLR5155,0,0,0,2,C,1,coad;,I3;,0
410,2,20,3,MLR5155,0,0,0,1,L,3,coad;coad;coad;,231;232;233;,0
411,2,20,3,MLE5072,21,3,MLE5072,2,C,0,,I3;,0
412,2,20,3,MLE5072,0,0,0,1,L,1,sotu;,I3;,0
413,2,20,3,MLE5117,21,3,MLE5117,2,C,0,,I3;,0
414,2,20,3,MLE5117,0,0,0,1,L,1,coda;,I3;,0
415,2,20,3,MLR5063,0,0,0,2,C,1,sega;,I3;,0
416,2,20,3,MLR5063,0,0,0,1,L,2,alal;alal;,231;232;,0
417,2,20,3,MLR5156,0,0,0,2,C,1,taad;,I3;,0
418,2,20,3,MLR5156,0,0,0,1,L,1,taad;,I3;,0
419,2,20,3,MLE8115,21,3,MLE8115,2,C,0,,I3;,0
420,2,20,3,MLE8115,0,0,0,1,L,1,cira;,I3;,0
421,2,20,3,MLR8112,0,0,0,2,C,1,suda;,I3;,0
422,2,20,3,MLR8112,0,0,0,1,L,3,suda;suda;suda;,231;232;233;,0
423,2,20,3,MLR5074,0,0,0,2,C,1,goan;,I3;,0
424,2,20,3,MLR5074,0,0,0,1,L,3,poma1;poma1;poma1;,231;232;233;,0
425,2,20,3,MLE5092,21,3,MLE5092,2,C,0,NULL,I3;,0
426,2,20,3,MLE5092,21,3,MLE5092,1,L,0,NULL,I3;,0
427,2,20,3,MLE5157,21,3,MLE5157,2,C,0,,I3;,0
428,2,20,3,MLE5157,0,0,0,1,L,1,crfl;,I3;,0
429,1,20,3,MLR2006,10,3,MLR2006,2,C,0,NULL,I3;,0
430,2,20,3,MLR7007,0,0,0,2,C,1,stad;,I3;,0
431,2,20,3,MLE5159,21,3,MLE5159,2,C,0,NULL,I3;,0
432,3,MLR5060,20,3,MLR5060,2,C,1,mitu;,;IE3;,0
433,3,MLR5060,0,0,0,1,L,1,mitu;,IE3;,0
434,3,MLE8115,0,0,0,2,C,1,moar;,IE3;,0
435,3,MLE8115,0,0,0,1,L,3,tual;tual;cira;,931;932;933;,0
436,3,MLR8112,20,3,MLR8112,2,C,0,,IE3;,0
437,3,MLR8112,0,0,0,1,L,1,suda;,IE3;,0
438,3,MLE9011,0,0,0,1,L,1,tuar;,IE3;,0
439,3,MLE5117,0,0,0,2,C,1,coda;,IE3;,0
440,3,MLE5117,0,0,0,1,L,3,coda;coda;coda;,931;932;933;,0
441,3,MLR5091,20,3,MLR5091,2,C,0,,IE3;,0
442,3,MLR5091,0,0,0,1,L,1,laio;,IE3;,0
443,3,MLR5155,20,3,MLR5155,2,C,0,,IE3;,0
444,3,MLR5155,0,0,0,1,L,1,coad;,IE3;,0
445,3,MLE5110,0,0,0,2,C,1,chca;,IE3;,0
446,3,MLE5110,0,0,0,1,L,2,chca;chca;,931;932;,0
447,3,MLE5072,0,0,0,2,C,1,drra;,IE3;,0
448,3,MLE5072,0,0,0,1,L,3,sotu;sotu;sotu;,931;932;933;,0
449,3,MLR5063,20,3,MLR5063,2,C,0,,IE3;,0
450,3,MLR5063,0,0,0,1,L,1,alal;,IE3;,0
451,3,MLR5156,20,3,MLR5156,2,C,0,,IE3;,0
452,3,MLR5156,0,0,0,1,L,1,taad;,IE3;,0
453,3,MLR5074,20,3,MLR5074,2,C,0,,IE3;,0
454,3,MLR5074,0,0,0,1,L,1,poma1;,IE3;,0
455,3,MLE5092,0,0,0,2,C,1,heho;,IE3;,0
456,3,MLE5092,0,0,0,1,L,2,heho;heho;,931;932;,0
457,3,MLE5157,0,0,0,2,C,1,crfl;,IE3;,0
458,3,MLE5157,0,0,0,1,L,3,crfl;crfl;crfl;,931;932;933;,0
459,3,MLR2006,10,3,MLR2006,2,C,0,NULL,IE3;,0
460,3,MLE7007,0,0,0,2,C,1,stad;,IE3;,0
461,3,MLE5159,0,0,0,2,C,1,mosi;,IE3;,0
462,3,MLG5149,0,0,0,2,C,1,osol;,IG3;,0
463,3,MLG5149,0,0,0,1,L,1,osol;,IG3;,0
464,3,MLG0059,0,0,0,2,C,1,buth;,IG3;,0
465,3,MLG0059,0,0,0,1,L,1,buth;,IG3;,0
466,3,MLE5157,21,3,MLE5157,2,C,0,NULL,IG3;,0
467,3,MLE5157,21,3,MLE5157,1,L,0,NULL,IG3;,0
468,3,MLG5166,0,0,0,2,C,1,emsa;,IG3;,0
469,3,MLG5166,0,0,0,1,L,2,emsa;emsa;,731;732;,0
470,3,MLE7007,21,3,MLE7007,2,C,0,NULL,IG3;,0
471,3,MLE5159,21,3,MLE5159,2,C,0,NULL,IG3;,0
472,1,20,3,MLR0005,11,3,MLR0005,2,C,0,,I3;,0
473,1,20,3,MLR0005,0,0,0,1,L,1,poni;,I3;,0
474,1,20,3,MLR0005,11,3,MLR0005,2,C,0,,I3;,0
707,1,102,2,MME7002,0,0,0,1,L,1,cate;,MaMAv2;,0
476,3,MLR5011,0,0,0,2,C,1,civl;,MI3;,0
477,3,MLR5011,0,0,0,1,L,2,siio;siio;,331;332;,0
478,3,MLR5011,11,3,MLR5011,2,C,0,,MIE3;,0
479,3,MLR5011,0,0,0,1,L,1,siio;,MIE3;,0
480,3,MLR5060,20,3,MLR5060,2,C,0,,MI3;,0
481,3,MLR5060,0,0,0,1,L,1,mitu;,MI3;,0
482,3,MLR5060,20,3,MLR5060,2,C,0,,MIE3;,0
483,3,MLR5060,0,0,0,1,L,1,mitu;,MIE3;,0
484,1,10,3,MLR2006,0,0,0,2,C,1,dave;,M3;,0
485,3,MLR2006,10,3,MLR2006,2,C,0,NULL,MI3;,0
486,3,MLR2006,10,3,MLR2006,2,C,0,NULL,MIE3;,0
487,2,10,3,MLR7007,20,3,MLR7007,2,C,0,NULL,M3;,0
488,3,MLR7007,20,3,MLR7007,2,C,0,NULL,MI3;,0
489,3,MLE7007,21,3,MLE7007,2,C,0,NULL,MIE3;,0
490,3,MLE5159,21,3,MLE5159,2,C,0,NULL,MI3;,0
491,3,MLE5159,21,3,MLE5159,2,C,0,NULL,MIE3;,0
492,1,10,2,MLR0038,0,0,0,2,C,1,buad;,M2;,0
493,1,10,2,MLR0038,0,0,0,2,S,1,buad;,121;,0
494,2,MLR0038,10,2,MLR0038,2,C,0,,MI2;,0
495,2,MLR0038,0,0,0,2,S,1,buad;,MI2;,0
496,1,10,3,MLR0041,0,0,0,2,C,1,vada;,M3;,0
497,1,10,3,MLR0041,0,0,0,2,S,1,vada;,M3;,0
498,1,10,3,MLR0041,0,0,0,1,L,1,vada;,M3;,0
499,2,MLR0041,10,3,MLR0041,2,C,0,NULL,MI2;,0
500,2,MLR0041,10,3,MLR0041,2,S,0,NULL,MI2;,0
501,2,MLR0041,10,3,MLR0041,2,C,0,NULL,MIE2;,0
502,2,MLR0041,10,3,MLR0041,2,S,0,NULL,MIE2;,0
503,1,10,3,MLR0033,0,0,0,2,C,1,best;,M3;,0
504,1,10,3,MLR0033,0,0,0,2,S,1,best;,M3;,0
505,2,MLR0033,10,3,MLR0033,2,C,0,NULL,MI2;,0
506,2,MLR0033,10,3,MLR0033,2,S,0,NULL,MI2;,0
507,2,MLR0033,10,3,MLR0033,2,C,0,NULL,MIE2;,0
508,2,MLR0033,10,3,MLR0033,2,S,0,NULL,MIE2;,0
509,1,102,1,MME3123,0,0,0,2,C,1,crse;,MaMAv1;,0
510,1,102,1,MME3123,0,0,0,1,S,1,crse;,MaMAv1;,0
511,1,101,1,VDP2406,0,0,0,2,C,1,vadu;,MaMetModDid1;,0
512,1,101,1,VDP2406,0,0,0,1,S,1,vadu;,MaMetModDid1;,0
513,1,102,2,MME3406,0,0,0,2,C,1,cate;,MaMAv2;,0
514,1,102,2,MME3406,0,0,0,1,S,1,cate;,MaMAv2;,0
515,1,102,2,MME3115,0,0,0,2,C,1,komi;,MaMAv2;,0
516,1,102,2,MME3115,0,0,0,1,S,1,komi;,MaMAv2;,0
517,1,101,2,MME3010,0,0,0,2,C,1,poni;,MaMetModDid2;,0
518,1,101,2,MME3010,0,0,0,1,S,1,poni;,MaMetModDid2;,0
519,1,101,2,MME3036,0,0,0,2,C,1,ando;,MaMetModDid2;,0
520,1,101,2,MME3036,0,0,0,1,S,1,ando;,MaMetModDid2;,0
521,2,200,1,MME8110,201,1,MME8110,2,C,0,NULL,MaBD1;,0
522,2,200,1,MME8110,201,1,MME8110,1,S,0,NULL,MaBD1;,0
523,2,200,1,MMR8087,0,0,0,2,C,1,susa;,MaBD1;,0
524,2,200,1,MMR8087,0,0,0,1,S,1,susa;,MaBD1;,0
525,2,200,1,MME8176,0,0,0,2,C,1,chca1;,MaBD1;,0
526,2,200,1,MME8176,0,0,0,1,S,1,chca1;,MaBD1;,0
527,2,201,1,MME8004,204,1,MME8004,2,C,0,,MaSD1;,0
528,2,201,1,MME8004,0,0,0,1,S,1,dase;,MaSD1;,0
529,2,201,1,MME8152,203,1,MME8152,2,C,0,NULL,MaSD1;,0
530,2,201,1,MME8152,203,1,MME8152,1,S,0,NULL,MaSD1;,0
531,2,201,1,MMR8087,200,1,MMR8087,2,C,0,NULL,MaSD1;,0
532,2,201,1,MMR8087,200,1,MMR8087,1,S,0,NULL,MaSD1;,0
533,2,204,1,MME3052,203,1,MME3052,2,C,0,NULL,MaCIP1;,0
534,2,204,1,MME3052,203,1,MME3052,1,S,0,NULL,MaCIP1;,0
535,2,204,1,MME8059,203,1,MME8059,2,C,0,NULL,MaCIP1;,0
536,2,204,1,MME8059,203,1,MME8059,1,S,0,NULL,MaCIP1;,0
537,2,204,1,MME8044,203,1,MME8044,2,C,0,NULL,MaCIP1;,0
538,2,204,1,MME8044,203,1,MME8044,1,S,0,NULL,MaCIP1;,0
539,2,204,1,MME8152,203,1,MME8152,2,C,0,NULL,MaCIP1;,0
540,2,204,1,MME8152,203,1,MME8152,1,S,0,NULL,MaCIP1;,0
541,2,204,1,MMR8087,200,1,MMR8087,2,C,0,NULL,MaCIP1;,0
542,2,204,1,MMR8087,200,1,MMR8087,1,S,0,NULL,MaCIP1;,0
543,2,204,1,MME8176,200,1,MME8176,2,C,0,NULL,MaCIP1;,0
544,2,204,1,MME8176,200,1,MME8176,1,S,0,NULL,MaCIP1;,0
545,2,203,1,MME8051,202,1,MME8051,2,C,0,NULL,MaICA1;,0
546,2,203,1,MME8051,202,1,MME8051,1,S,0,NULL,MaICA1;,0
547,2,203,1,MME8110,201,1,MME8110,2,C,0,NULL,MaICA1;,0
548,2,203,1,MME8110,201,1,MME8110,1,S,0,NULL,MaICA1;,0
549,2,203,1,MME8059,0,0,0,2,C,1,sumi;,MaICA1;,0
550,2,203,1,MME8059,0,0,0,1,S,1,sumi;,MaICA1;,0
551,2,203,1,MME8160,0,0,0,2,C,1,mast;,MaICA1;,0
552,2,203,1,MME8160,0,0,0,1,S,1,mast;,MaICA1;,0
553,2,202,1,MME8065,0,0,0,2,C,1,moar;,MaIS1;,0
554,2,202,1,MME8065,0,0,0,1,S,1,moar;,MaIS1;,0
555,2,202,1,MME8087,200,1,MMR8087,2,C,0,NULL,MaIS1;,0
556,2,202,1,MME8087,200,1,MMR8087,1,S,0,NULL,MaIS1;,0
557,2,202,1,MME8051,0,0,0,2,C,1,laio;,MaIS1;,0
558,2,202,1,MME8051,0,0,0,1,S,1,laio;,MaIS1;,0
559,2,205,1,MME3052,203,1,MME3052,2,C,0,NULL,MaSIA1;,0
560,2,205,1,MME3052,203,1,MME3052,1,S,0,NULL,MaSIA1;,0
561,2,205,1,MME8110,201,1,MME8110,2,C,0,NULL,MaSIA1;,0
562,2,205,1,MME8110,201,1,MME8110,1,S,0,NULL,MaSIA1;,0
563,2,205,1,MME8176,200,1,MME8176,2,C,0,NULL,MaSIA1;,0
564,2,205,1,MME8176,200,1,MME8176,1,S,0,NULL,MaSIA1;,0
565,2,205,1,MME8160,203,1,MME8160,2,C,0,NULL,MaSIA1;,0
566,2,205,1,MME8160,203,1,MME8160,1,S,0,NULL,MaSIA1;,0
567,3,30,2,MLM0050,0,0,0,2,C,1,ansz;,MM2;,0
568,3,30,2,MLM0050,0,0,0,1,S,1,ansz;,MM2;,0
569,3,30,2,MLM0034,0,0,0,2,C,1,fizo;,MM2;,0
570,3,30,2,MLM0034,0,0,0,2,S,1,fizo;,MM2;,0
571,2,MLM0003,30,2,MLM0003,2,C,0,,MIM2;,0
572,2,MLM0003,0,0,0,2,S,1,bute;,MIM2;,0
573,2,MLM5028,32,2,MLM5028,2,C,0,,MIM2;,0
574,2,MLM5028,32,2,MLM5028,1,S,0,;,MIM2;,0
575,2,MLM5028,0,0,0,1,L,1,moan;,MIM2;,0
576,3,30,3,MLM2006,0,0,0,2,C,1,szfe;,MM3;,0
577,3,MLM2006,30,3,MLM2006,2,C,0,NULL,MIM3;,0
578,3,30,3,MLM3129,0,0,0,2,C,1,lata;,MM3;,0
579,3,30,3,MLM3129,0,0,0,2,S,1,lata;,MM3;,0
580,3,MLM3129,30,3,MLM3129,2,C,0,NULL,MIM3;,0
581,3,MLM3129,30,3,MLM3129,2,S,0,NULL,MIM3;,0
582,3,30,3,MLM3130,0,0,0,2,C,1,meil;,MM3;,0
583,3,30,3,MLM3130,0,0,0,1,S,1,meil;,MM3;,0
584,3,MLM3130,30,3,MLM3130,2,C,0,NULL,MIM3;,0
585,3,MLM3130,30,3,MLM3130,1,S,0,NULL,MIM3;,0
586,3,MLM7007,32,3,MLM7007,2,C,0,NULL,MIM3;,0
587,3,MLM7007,0,0,0,2,C,1,iocl;,IM3;,0
588,3,30,3,MLM2005,0,0,0,2,C,1,luan;,MM3;,0
589,3,30,3,MLM2005,0,0,0,1,L,1,luan;,MM3;,0
590,3,MLM2005,30,3,MLM2005,2,C,0,NULL,IM3;,0
591,3,MLM2005,30,3,MLM2005,2,C,0,,MIM3;,0
592,3,MLM2005,0,0,0,1,S,1,luan;,MIM3;,0
593,3,MLM0032,0,0,0,2,C,1,boza;,IM3;,0
594,3,MLM0032,0,0,0,1,L,2,boza;boza;,531;532;,0
595,3,MLM5089,0,0,0,2,C,1,lian;,IM3;,0
596,3,MLM5089,0,0,0,1,L,4,lian;lian;lian;lian;,531;532;533;534;,0
597,3,MLM5089,32,3,MLM5089,2,C,0,NULL,MIM3;,0
598,3,MLM5089,32,3,MLM5089,1,L,0,NULL,MIM3;,0
599,3,MLM9011,0,0,0,2,C,1,lian;,IM3;,0
600,3,MLM9011,0,0,0,1,L,3,lian;lian;lian;,531;532;533;,0
601,3,MLM5090,0,0,0,2,C,1,csle;,IM3;,0
602,3,MLM5090,0,0,0,1,L,2,csle;csle;,531;532;,0
603,3,MLM0005,30,3,MLM0005,2,C,0,NULL,IM3;,0
604,3,MLM0005,30,3,MLM0005,1,S,0,NULL,IM3;,0
605,3,MLM5074,0,0,0,2,C,1,vavi;,IM3;,0
606,3,MLM5074,0,0,0,1,S,2,vavi;vavi;,531;532;,0
607,3,MLM5074,32,3,MLM5074,2,C,0,NULL,MIM3;,0
608,3,MLM5074,32,3,MLM5074,1,S,0,NULL,MIM3;,0
609,3,MLM5047,0,0,0,2,C,1,hozo1;,IM3;,0
610,3,MLM5047,0,0,0,1,L,2,pasz;pasz;,531;532;,0
611,3,MLM5024,0,0,0,2,C,1,roju;,IM3;,0
612,3,MLM5024,0,0,0,1,L,3,pasz;pasz;pasz;,531;532;533;,0
613,3,302,1,MMM8086,0,0,0,2,C,1,kosa;,MaADM1;,0
614,3,302,1,MMM8086,0,0,0,1,L,1,kosa;,MaADM1;,0
615,3,302,1,MMM8080,0,0,0,2,C,1,hozo1;,MaADM1;,0
616,3,302,1,MMM8080,0,0,0,1,L,1,hozo1;,MaADM1;,0
617,3,30,2,VDP2404,0,0,0,2,C,1,ansz;,MM2;,0
618,3,30,2,VDP2404,0,0,0,2,S,1,ansz;,MM2;,0
619,2,VDP2404,30,2,VDP2404,2,C,0,NULL,MIM2;,0
620,2,VDP2404,30,2,VDP2404,2,S,0,NULL,MIM2;,0
621,2,VDP2404,0,0,0,2,C,1,moan;,IM2;,0
622,2,VDP2404,0,0,0,2,S,1,moan;,IM2;,0
623,2,LLU0012,0,0,0,2,S,1,urdi;,MIM2;,0
624,4,30,2,LLU0012,10,2,LLU0012,2,S,0,NULL,MM2;,0
625,4,10,2,LLU0012,0,0,0,2,S,1,urdi;,M2;,0
626,2,LLU0012,0,0,0,2,S,3,paso;paso;paso;,321;322;323;,0
627,2,LLU0012,0,0,0,2,S,2,komo;komo;,821;822;,0
628,2,LLU0012,0,0,0,2,S,3,komo;komo;komo;,521;522;523;,0
629,2,LLU0012,0,0,0,2,S,6,laad;laad;laad;laad;laad;laad;,921;922;923;924;925;926;,0
630,2,LLU0012,0,0,0,2,S,2,laad;laad;,721;722;,0
631,4,20,2,LLU0012,0,0,0,2,S,6,komo;nebo;nebo;nebo;nebo;nebo;,221;222;223;224;225;226;,0
632,4,30,1,VDP1202,0,0,0,2,S,1,ilma;,MM1;,0
633,1,VDP1202,0,0,0,2,C,1,chva;,IG1;,0
634,4,10,1,VDP1202,0,0,0,2,S,1,como;,M1;,0
635,1,VDP1202,0,0,0,2,C,1,chva;,MI1;,0
636,1,VDP1202,0,0,0,2,C,1,chva;,MIE1;,0
637,4,30,1,VDP1202,0,0,0,2,C,1,ilma;,MM1;,0
638,4,10,1,VDP1202,0,0,0,2,C,1,chva;,M1;,0
639,1,VDP1202,0,0,0,2,S,1,ilma;,IM1;,0
640,1,VDP1202,0,0,0,2,C,1,ilma;,IM1;,0
641,4,20,1,VDP1202,0,0,0,2,S,1,como;,I1;,0
642,1,VDP1202,0,0,0,2,S,1,ilma;,MIM1;,0
643,1,VDP1202,0,0,0,2,C,1,ilma;,MIM1;,0
644,1,VDP1202,0,0,0,2,C,1,chva;,IE1;,0
645,1,VDP1202,0,0,0,2,S,1,como;,IE1;,0
646,1,VDP1202,0,0,0,2,S,1,como;,MI1;,0
647,1,VDP1202,0,0,0,2,S,1,como;,MIE1;,0
648,1,VDP1202,0,0,0,2,S,1,anda;,IG1;,0
649,4,20,1,VDP1202,0,0,0,2,C,1,chva;,I1;,0
650,2,VDP204I,0,0,0,2,S,1,dima;,IE2;,0
651,2,VDP204I,0,0,0,2,S,1,;,;,0
652,4,20,2,VDP204I,0,0,0,2,C,1,maio;,I2;,0
653,4,20,2,VDP204I,0,0,0,2,S,1,dima;,I2;,0
654,2,VDP204I,0,0,0,2,C,1,;,;,0
655,2,VDP204I,0,0,0,2,C,1,;,;,0
656,2,VDP204I,0,0,0,2,C,1,maio;,IE2;,0
657,2,VDP204I,0,0,0,2,S,1,;,;,0
658,2,VDP204M,0,0,0,2,C,1,vadu;,MI2;,0
659,2,VDP204M,0,0,0,2,S,1,vadu;,MI2;,0
660,2,VDP204M,0,0,0,2,C,1,;,;,0
661,2,VDP204M,0,0,0,2,S,1,;,;,0
662,4,30,2,VDP204M,0,0,0,2,S,1,;,;,0
663,4,30,2,VDP204M,0,0,0,2,C,1,;,;,0
664,4,10,2,VDP204M,0,0,0,2,C,1,vadu;,M2;,0
665,4,10,2,VDP204M,0,0,0,2,S,1,vadu;,M2;,0
666,2,VDP204M,0,0,0,2,C,1,vadu;,MIE2;,0
667,2,VDP204M,0,0,0,2,S,1,vadu;,MIE2;,0
668,3,VDP3607,0,0,0,1,S,1,vadu;,MI3;,0
669,3,VDP3607,0,0,0,1,S,1,ozju;,MIM3;,0
670,3,VDP3607,0,0,0,1,C,1,ozju;,MIM3;,0
671,3,VDP3607,0,0,0,1,C,1,vadu;,MI3;,0
672,4,20,3,VDP3607,0,0,0,1,S,1,dima;,I3;,0
673,3,VDP3607,0,0,0,1,C,1,maio;,IE3;,0
674,3,VDP3607,0,0,0,1,S,1,dima;,IE3;,0
675,3,VDP3607,0,0,0,1,C,1,ozju;,IM3;,0
676,3,VDP3607,0,0,0,1,S,1,ozju;,IM3;,0
677,4,10,3,VDP3607,0,0,0,1,C,1,vadu;,M3;,0
678,4,10,3,VDP3607,0,0,0,1,S,1,vadu;,M3;,0
679,3,VDP3607,0,0,0,1,C,1,vadu;,MIE3;,0
680,3,VDP3607,0,0,0,1,S,1,vadu;,MIE3;,0
681,4,30,3,VDP3607,0,0,0,1,C,1,ozju;,MM3;,0
682,4,30,3,VDP3607,0,0,0,1,S,1,ozju;,MM3;,0
683,4,20,3,VDP3607,0,0,0,1,C,1,maio;,I3;,0
684,4,101,1,VDP2405,0,0,0,2,C,1,vadu;,MaMetModDid1;,0
685,4,101,1,VDP2405,0,0,0,1,S,1,vadu;,MaMetModDid1;,0
686,4,102,1,VDP2405,0,0,0,2,C,1,vadu;,MaMAv1;,0
687,4,102,1,VDP2405,0,0,0,1,S,1,vadu;,MaMAv1;,0
688,4,101,1,VDP2406,0,0,0,2,C,1,vadu;,MaMetModDid1;,0
689,4,101,1,VDP2406,0,0,0,1,S,1,vadu;,MaMetModDid1;,0
690,4,102,1,VDP2406,0,0,0,2,C,1,vadu;,MaMAv1;,0
691,4,102,1,VDP2406,0,0,0,1,S,1,vadu;,MaMAv1;,0
692,4,102,1,XND1298,0,0,0,1,C,1,NULL,NULL,0
693,4,102,1,XND1298,0,0,0,2,S,1,NULL,NULL,0
694,1,MLR2002,20,1,MLR2002,2,C,0,,IE1;,0
695,1,MLR2002,0,0,0,2,L,2,mida;mida;,911;912;,0
696,2,20,1,MLR2002,0,0,0,2,C,1,mida;,I1;,0
697,2,20,1,MLR2002,0,0,0,2,L,2,mida;mida;,211;212;,0
698,1,MLR2002,0,0,0,2,S,1,NULL,NULL,0
699,1,10,1,MLR2002,0,0,0,2,L,1,trti;,M1;,0
700,1,MLR2002,10,1,MLR2002,2,L,0,,MI1;,0
701,1,MLR2002,10,1,MLR2002,2,L,0,,MIE1;,0
702,3,30,1,MLM2002,0,0,0,2,C,1,luan;,MM1;,0
703,1,MLM2002,0,0,0,2,C,1,pacs;,IM1;,0
704,1,MLM2002,0,0,0,2,C,1,pacs;,MIM1;,0
705,2,201,1,MME8176,200,1,MME8176,2,C,0,NULL,MaSD1;,0
706,2,201,1,MME8176,200,1,MME8176,1,S,0,NULL,MaSD1;,0
708,1,101,2,MMR7002,102,2,MME7002,1,L,0,cate;,MaMetModDid2;,0
709,2,20,1,FRM0001,0,0,0,2,C,1,grho;,I1;,NULL
710,2,20,2,FRM0001,0,0,0,2,C,1,grho;,I2;,NULL
711,2,FRM0001,0,0,0,2,C,1,grho;,IE2;,NULL
712,1,FRM0001,0,0,0,2,C,1,grho;,IE1;,NULL
713,2,20,1,MLR2002,20,1,MLR2002,2,L,0,,213;214;215;216;217;,1
714,2,20,3,MLR5060,20,3,MLR5060,1,L,0,,234;235;236;237;,1
715,2,20,3,MLR5063,20,3,MLR5063,1,L,0,,233;234;235;236;237;,1
716,2,20,3,MLR5074,20,3,MLR5074,1,L,0,,234;235;236;237;,1
717,2,20,3,MLR5091,20,3,MLR5091,1,L,0,,234;235;236;237;,1
718,2,20,3,MLR5155,20,3,MLR5155,1,L,0,,234;235;236;237;,1
719,2,20,3,MLR8112,20,3,MLR8112,1,L,0,,234;235;236;237;,1
720,1,MLR2002,21,1,MLR2002,2,L,0,,913;914;915;916;917;,1
721,3,MLE5072,21,3,MLE5072,1,L,0,,934;935;936;937;,1
722,3,MLE5092,21,3,MLE5092,1,L,0,,933;934;935;936;937;,1
723,3,MLE5110,21,3,MLE5110,1,L,0,,933;934;935;936;937;,1
724,3,MLR5011,11,3,MLR5011,1,S,0,siio;,MIE3;,0
725,3,MLE5117,21,3,MLE5117,1,L,0,,934;935;936;937;,1
726,3,MLE5157,21,3,MLE5157,1,L,0,,934;935;936;937;,1
727,3,MLR5011,0,0,0,1,S,2,siio;siio;,331;332;,0
728,3,MLE8115,21,3,MLE8115,1,L,0,,934;935;936;937;,1
729,3,MLE8115,21,3,MLE8115,1,L,0,,934;935;936;937;,1
730,3,MLG5166,22,3,MLG5166,1,L,0,,733;,1
731,3,MLR5060,0,0,0,1,S,1,mitu;,MI3;,0
732,3,MLR5060,0,0,0,1,S,1,mitu;,MIE3;,0
733,3,MLM0032,32,3,MLM0032,1,L,0,,533;534;,1
734,3,MLM0032,32,3,MLM0032,1,L,0,,533;534;,1
735,3,MLM0032,32,3,MLM0032,1,L,0,,533;534;,1
736,3,MLM5024,32,3,MLM5024,1,L,0,,534;,1
737,3,MLM5047,32,3,MLM5047,1,L,0,,533;534;,1
738,3,MLM5074,32,3,MLM5074,1,S,0,,533;534;,1
739,3,MLM5089,32,3,MLM5089,1,L,4,lian;lian;lian;lian;,534;,1
740,3,MLM5090,32,3,MLM5090,1,L,0,,533;534;,1
741,3,MLM9011,32,3,MLM9011,1,L,0,,534;,1
742,3,304,2,MDM3007,301,1,MMM3069,2,C,0,NULL,NULL,0
743,3,304,2,MDM3007,0,0,0,1,S,1,NULL,NULL,0
744,4,20,2,LLU0012,0,0,0,2,S,1,nebo;,227;,0
807,1,MMG9106,0,0,0,2,S,1,pama;,IG1;,0
745,2,LLU0012,21,2,LLU0012,2,S,0,,927;,1
746,2,LLU0012,32,2,LLU0012,2,S,0,,524;,1
747,3,MLE9011,32,3,MLM9011,2,C,0,,IE3;,0
748,2,MLG5022,0,0,0,1,L,1,sovi;,IG2;,0
749,2,20,3,MLE5110,21,3,MLE5110,2,C,0,chca;,I3;,0
750,2,20,3,MLE5110,21,3,MLE5110,1,L,0,,I3;,0
751,2,LLU0012,0,0,0,2,S,1,laad;,IE2;,0
752,2,MLR0038,10,2,MLR0038,2,C,0,,MIE2;,0
753,2,MLR0038,11,2,MLR0038,2,S,0,,MIE2;,0
754,3,MLR5011,11,3,MLR5011,1,L,0,,333;,1
755,3,MLR5011,11,3,MLR5011,1,S,0,,333;,1
756,2,MLM5015,32,2,MLM5015,2,C,0,,MIM2;,0
757,2,MLM5015,0,0,0,1,S,1,turo;,MIM2;,0
758,1,10,1,TUTOR,0,0,0,0.5,S,1,peco;,M1;,0
759,1,10,2,TUTOR,0,0,0,0.5,S,1,blpa;,M2;,0
760,1,10,3,TUTOR,0,0,0,0.5,S,1,brbr;,M3;,0
761,1,TUTOR,0,0,0,0.5,S,6,vada;maan;trti;sema;crse;neve;,311;312;313;314;315;316;,0
762,2,TUTOR,0,0,0,0.5,S,3,komi;trra;bomo;,321;322;323;,0
763,3,TUTOR,0,0,0,0.5,S,3,poni;blcr;rona;,331;332;333;,0
764,1,TUTOR,0,0,0,0.5,S,3,buad;gran;viad;,811;812;813;,0
765,2,TUTOR,0,0,0,0.5,S,2,dave;iami;,821;822;,0
766,3,TUTOR,0,0,0,0.5,S,2,misa;mitu1;,831;832;,0
767,2,20,1,TUTOR,0,0,0,0.5,S,7,coad;mida;mubo;anca;baio;mian1;hadi;,211;212;213;214;215;216;217;,0
768,2,20,2,TUTOR,0,0,0,0.5,S,7,vaal;chca;drra;gara;iovl;pema1;suda;,221;222;223;224;225;226;227;,0
769,2,20,3,TUTOR,0,0,0,0.5,S,7,buda;seca;taad;dila;coda;civl;mogr1;,231;232;233;234;235;236;237;,0
770,1,TUTOR,0,0,0,0.5,S,7,caal;midi;zsim;poem;bofl1;bodi;moar;,911;912;913;914;915;916;917;,0
771,2,TUTOR,0,0,0,0.5,S,7,mitu;stad;dase;grho;lumi;lura;mian;,921;922;923;924;925;926;927;,0
772,3,TUTOR,0,0,0,0.5,S,7,vean;chca1;luda;laio;czis;sumi;susa;,931;932;933;934;935;936;937;,0
773,1,TUTOR,0,0,0,0.5,S,3,sach;brbr;ruca;,711;712;713;,0
774,2,TUTOR,0,0,0,0.5,S,3,liha;trdi;drsa;,721;722;723;,0
775,3,TUTOR,0,0,0,0.5,S,2,drsa;viad;,731;732;,0
776,3,30,1,TUTOR,0,0,0,0.5,S,1,lata;,MM1;,0
777,3,30,2,TUTOR,0,0,0,0.5,S,1,soil;,MM2;,0
778,3,30,3,TUTOR,0,0,0,0.5,S,1,meag;,MM3;,0
779,1,TUTOR,0,0,0,0.5,S,1,szzs;,MIM1;,0
780,2,TUTOR,0,0,0,0.5,S,1,roag;,MIM2;,0
781,3,TUTOR,0,0,0,0.5,S,1,meil;,MIM3;,0
782,1,TUTOR,0,0,0,0.5,S,4,pacs;vege;roju;sacs;,511;512;513;514;,0
783,2,TUTOR,0,0,0,0.5,S,4,dazs;rula;vale;vaor;,521;522;523;524;,0
784,3,TUTOR,0,0,0,0.5,S,4,boza;moan;lian;pasz;,531;532;533;534;,0
785,1,101,2,TUTOR,0,0,0,0.5,S,1,cate;,MaMetModDid2;,0
786,1,101,1,TUTOR,0,0,0,0.5,S,1,agoc;,MaMetModDid1;,0
787,1,102,1,TUTOR,0,0,0,0.5,S,1,pead;,MaMAv1;,0
788,1,102,2,TUTOR,0,0,0,0.5,S,1,pead;,MaMAv2;,0
789,2,200,1,TUTOR,0,0,0,0.5,S,1,goan;,MaBD1;,0
790,2,200,2,TUTOR,0,0,0,0.5,S,1,goan;,MaBD2;,0
791,2,201,1,TUTOR,0,0,0,0.5,S,1,bora;,MaSD1;,0
792,2,201,2,TUTOR,0,0,0,0.5,S,1,bora;,MaSD2;,0
793,2,202,1,TUTOR,0,0,0,0.5,S,2,mosi;mosi;,248/1;248/2;,0
794,2,202,2,TUTOR,0,0,0,0.5,S,2,mosi;mosi;,258/1;258/2;,0
795,2,203,1,TUTOR,0,0,0,0.5,S,1,poho;,MaICA1;,0
796,2,203,2,TUTOR,0,0,0,0.5,S,1,poho;,MaICA2;,0
797,2,204,1,TUTOR,0,0,0,0.5,S,1,nivi;,MaCIP1;,0
798,2,204,2,TUTOR,0,0,0,0.5,S,1,nivi;,MaCIP2;,0
799,2,205,1,TUTOR,0,0,0,0.5,S,1,sach;,MaSIA1;,0
800,2,205,2,TUTOR,0,0,0,0.5,S,1,sach;,MaSIA2;,0
801,3,300,2,TUTOR,0,0,0,0.5,S,1,ansz;,NULL,0
802,3,301,1,TUTOR,0,0,0,0.5,S,1,ansz;,MaMetModDidm1;,0
803,3,302,1,TUTOR,0,0,0,0.5,S,1,csle;,MaADM1;,0
804,3,302,2,TUTOR,0,0,0,0.5,S,1,kosa;,MaADM2;,0
805,3,303,1,TUTOR,0,0,0,0.5,S,1,sika;,MaPDAE1;,0
806,3,303,2,TUTOR,0,0,0,0.5,S,1,sucs;,MaPDEA2;,0);
